<?xml version="1.0" encoding="UTF-8"?>
<document>
<type>mainstream</type>
<forum></forum>
<forum_title></forum_title>
<discussion_title>Compensation to kin of martyred jawans must not be less than Rs 1 crore: Rajnath Singh | The Indian Express</discussion_title>
<language>english</language>
<gmt_offset></gmt_offset>
<topic_url>http://indianexpress.com/article/india/compensation-to-kin-of-martyred-jawans-must-not-be-less-than-rs-1-crore-rajnath-singh-4565750/</topic_url>
<topic_text>
Compensation to kin of martyred jawans must not be less than Rs 1 crore: Rajnath Singh Compensation to kin of martyred jawans must not be less than Rs 1 crore: Rajnath Singh He also expressed confidence that the government will be able to control the activities of Maoist. By: Express Web Desk | New Delhi | Published:March 11, 2017 9:54 pm Home Minister Rajnath Singh. (File Photo) 
Strongly condemning the maoist attack in Sukma that claimed the lives of 12 CRPF jawans, Home Minister Rajnath Singh said the martyrdom of the jawans will not go in vain. The home minister also announced that the government has decided that total compensation to kin of martyred jawans shouldn’t be less than Rs 1 crore under any circumstances. 
Watch What Else Is Making News 
He also expressed confidence that the government will be able to control the activities of Maoist. 
Earlier in the day, Singh visited Narayana Hospital in Sukma to meet the Central Reserve Police Force (CRPF) personnel, who were injured in the Maoist attack. Senior officials from the Home Ministry and the CRPF later paid a visit to the wreath laying of the CRPF personnel. 
At least 11 of the 219-battalion from the CRPF were killed and six others critically injured in a Maoist attack near Bhejji in Sukma district. Prime Minister Narendra Modi extended his condolence to the families of the CRPF personnel. Prime Minister Modi also spoke to Singh on the situation in Sukma in the wake of the attack © The Indian Express Online Media Pvt Ltd 
</topic_text>
<spam_score>0.82</spam_score>
<post_num>1</post_num>
<post_id>post-1</post_id>
<post_url>http://indianexpress.com/article/india/compensation-to-kin-of-martyred-jawans-must-not-be-less-than-rs-1-crore-rajnath-singh-4565750/</post_url>
<post_date>20170311</post_date>
<post_time></post_time>
<username>Express Web Desk</username>
<post>
Compensation to kin of martyred jawans must not be less than Rs 1 crore: Rajnath Singh Compensation to kin of martyred jawans must not be less than Rs 1 crore: Rajnath Singh He also expressed confidence that the government will be able to control the activities of Maoist. By: Express Web Desk | New Delhi | Published:March 11, 2017 9:54 pm Home Minister Rajnath Singh. (File Photo) 
Strongly condemning the maoist attack in Sukma that claimed the lives of 12 CRPF jawans, Home Minister Rajnath Singh said the martyrdom of the jawans will not go in vain. The home minister also announced that the government has decided that total compensation to kin of martyred jawans shouldn’t be less than Rs 1 crore under any circumstances. 
Watch What Else Is Making News 
He also expressed confidence that the government will be able to control the activities of Maoist. 
Earlier in the day, Singh visited Narayana Hospital in Sukma to meet the Central Reserve Police Force (CRPF) personnel, who were injured in the Maoist attack. Senior officials from the Home Ministry and the CRPF later paid a visit to the wreath laying of the CRPF personnel. 
At least 11 of the 219-battalion from the CRPF were killed and six others critically injured in a Maoist attack near Bhejji in Sukma district. Prime Minister Narendra Modi extended his condolence to the families of the CRPF personnel. Prime Minister Modi also spoke to Singh on the situation in Sukma in the wake of the attack © The Indian Express Online Media Pvt Ltd 
</post>
<signature>

</signature>
<external_links>

</external_links>
<country>US</country>
<main_image>http://images.indianexpress.com/2017/02/rajnath-singh-4802.jpg?w=480</main_image>
<rating></rating>
</document>
