<?xml version="1.0" encoding="UTF-8"?>
<document>
<type>mainstream</type>
<forum>http://feeds.feedburner.com/co/KFEG</forum>
<forum_title>Home | Mail Online</forum_title>
<discussion_title>Models reveal the ugly truth behind the fashion industry</discussion_title>
<language>english</language>
<gmt_offset></gmt_offset>
<topic_url>http://www.dailymail.co.uk/femail/article-4303058/Models-reveal-ugly-truth-fashion-industry.html?ITO=1490&amp;ns_mchannel=rss&amp;ns_campaign=1490</topic_url>
<topic_text>
Sashaying down the catwalk in their billowing patterned dresses and asymmetric coats, the models on the Balenciaga runway were the talk of Paris Fashion Week last weekend.
But it wasn&apos;t the eye-catching outfits that were on everybody&apos;s lips.
Instead, the audience found themselves staring at the girls themselves: stick-thin, with emaciated limbs, protruding collarbones and a haunted look in their eyes. And sadly, still typical in the world of fashion.
There was something in particular that had shifted the world&apos;s focus onto this particular catwalk. 
Days before, the luxury fashion house found itself embroiled in allegations of exploitation and cruelty towards the young women who attended a casting call for the show.
Catwalk casting agent and industry veteran James Scully, who has worked with designers Stella McCartney and Tom Ford, fiercely criticised Balenciaga in a shocking post on the photo-sharing social network Instagram in which he accused the label&apos;s casting directors of treating girls like cattle at a meat market. 
An investigation by the Daily Mail has found that, accidental or not, abuse is rife in the fashion industry. Pictured above, three models walk in Fashion Week events around the world
&apos;I was very disturbed to hear from a number of girls this morning that... they made more than 150 girls wait in a stairwell, told them they would have to stay over three hours to be seen and not to leave,&apos; he wrote.
&apos;In their usual fashion, they shut the door, went to lunch and turned off the lights to the stairs, leaving every girl with only the lights of their phones to see.
&apos;Not only was this sadistic and cruel, it was dangerous, and left more than a few of the girls I spoke with traumatised . . . They refuse to be treated like animals.&apos;
Scully accused another fashion house, which he didn&apos;t name, of trying to &apos;sneak in&apos; 15-year-old models (the minimum legal age is 16) to its show, adding: &apos;Too many of these models are under the age of 18 and clearly not equipped to be here.&apos;
His claims sent shockwaves through the modelling world. 
Leading figures including the supermodel Helena Christensen and Joan Smalls, one of the world&apos;s highest-paid models, lent their support to his campaign to name and shame brands and individuals who mistreat models, many of them vulnerable teenage girls.
British model and Vogue cover girl Edie Campbell, 26, said the purported behaviour at the casting was, sadly, nothing out of the ordinary.
&apos;It&apos;s also probably not the most shocking example I&apos;ve heard,&apos; she said. &apos;I have witnessed a lot of upsetting things. I&apos;ve seen girls be told to run laps around the studio.&apos;
&apos;The problem with fashion is that it is a very informal industry. Boundaries are crossed and it allows people to behave in ways that would not ever be accepted in any other &apos;work&apos; environment. Because the girls are desperate for work then they are easily exploited.
London-based model Rosalie Nelson, 25, has been modelling for six years and says she&apos;s lost count of the times she&apos;s faced abuse
&apos;It is also a closed system. If you speak out, you are faced with the threat of never working again. And that is why what James is doing is so brave and should be applauded.&apos;
Balenciaga was quick to distance itself from the allegations. In a statement the French fashion house said it had made &apos;radical changes&apos; to the casting process and had stopped using the accused agency.
It had sent out written apologies to the models and added: &apos;Balenciaga condemns this incident and will continue to be committed to ensuring the most respectful working conditions for the models.&apos;
For its part, the casting agency branded Scully&apos;s remarks &apos;inaccurate and libellous&apos;, insisting the girls were not locked in and that the darkness was due to a power cut.
But an investigation by the Mail has found that, accidental or not, abuse is rife in the fashion industry.
Leading British models have revealed they regularly suffer degrading and humiliating treatment at the hands of casting directors, agencies and photographers. 
While some recount emotional manipulation and bullying, others claim to have endured physical and even sexual abuse at work.
Among the horror stories are the model who was drawn on with a permanent marker to show which parts of her body were &apos;fat&apos;; the model who was made to run around a studio in stiletto heels until she collapsed; the hopefuls kept in a room for ten hours with no food or water; the models who had their hair hacked off without their consent.
Then there&apos;s the appalling story of the model who has permanently lost feeling in her toes after being made to stand all day in shoes that were too small.
And at a time when the fashion industry claims to be turning its back on super-skinny models, several of the women we spoke to confessed they had been ordered to lose weight — including a size 6 model weighing just 7½st who was dropped by her agency for being &apos;too curvaceous&apos;.
Casting director James Scully (pictured) accused two casting agents from Balenciaga of &apos;abusing&apos; models in Paris
The revelations will certainly be eye-opening for the tens of thousands of youngsters (32 per cent of teenage girls in the UK, according to a recent survey) who are desperate to break into modelling.
Forget glitzy parties, jet-set lifestyles and glamorous photoshoots — the reality of this apparently alluring world is, it seems, very different from its glossy exterior.
London-based model Rosalie Nelson, 25, has been modelling for six years and says she&apos;s lost count of the times she&apos;s faced abuse.
&apos;I&apos;ve had chunks of my hair cut off without being asked if it would be OK,&apos; she explains. &apos;I&apos;ve been stabbed with needles and pins; my skin has been cut and pulled by clips.
&apos;I&apos;ve been to castings in London where there are hundreds of models and only a handful of chairs provided. Sometimes there will be a water dispenser or vending machine, but often there is nothing.
&apos;I&apos;ve been on shoots for up to ten hours where no food is provided. The underlying message is always that you shouldn&apos;t eat.&apos;
One of her worst experiences came in 2014 at a major UK modelling agency — which she won&apos;t name — where Rosalie, a size 8, was told to lose weight if she wanted work.
&apos;I did exactly that and lost over ten kilograms and two inches off my hips,&apos; she says. &apos;When I returned to see this agency, they said I was making progress but they wanted me to &quot;get down to the bone&quot;.
&apos;I couldn&apos;t imagine becoming any thinner. I felt physically and emotionally drained.
&apos;If I had been younger and more naïve, I might have pushed myself too far and caused more harm.&apos;
Thankfully, Rosalie had the strength to walk away — and left not only the agency but high-fashion modelling for good.
Charli Howard, also 25 and from London, who has modelled for Harper&apos;s Bazaar and renowned photographer Rankin, has had similarly horrendous experiences.
Rosalie said that one of her worst experiences came in 2014 at a major UK modelling agency — which she won&apos;t name — where she, then a size 8, was told to lose weight if she wanted work
Rosalie had the strength to walk away after being told to lose weight — and left not only the agency but high-fashion modelling for good. Rosalie said that many models fear speaking out because of the industry they&apos;re in
Rosalie warned that models need to &apos; have thick skin and a strong heart and mind&apos; to work in today&apos;s industry
&apos;Nothing fazes me any more,&apos; she explains. &apos;I&apos;ve heard it all: inappropriate behaviour from men, horrible comments towards them on set, girls being told to lose weight when they are clearly anorexic.
&apos;You become almost blasé — as though that behaviour is just &apos;part of the job&apos;. But humiliation, bullying and degradation are not part of the job. Some people know they can get away with cruelty, because girls&apos; hopes and dreams rest on their shoulders.&apos;
In 2015, Charli — then between a 6 and 8 dress size — hit the headlines when she wrote an open letter to her former agency, accusing them of dumping her for being &apos;too big&apos;.
&apos;I refuse to feel ashamed and upset on a daily basis for not meeting your ridiculous, unobtainable beauty standards,&apos; she declared.
&apos;I am a human. I cannot miraculously shave my hip bones down just to fit into a sample piece of clothing or to meet &quot;agency standards&quot;. 
&apos;I have fought nature for a long time — existing on nothing but energy bars and hot drinks — because you&apos;ve deemed my body shape too &quot;curvaceous&quot;.&apos;
Charli, now signed to Muse Models in New York and a healthy size 10, says she has found an agency which supports and respects her. Others have not been so lucky.
In 2015, Ingrid Marsh, a 45-year-old mother from Crawley, West Sussex, spoke out about the horrific treatment to which she claims her daughter, 19-year-old Scarlett Gray, now a catwalk model for designers including Gucci, Prada and Valentino, was subjected at a casting.
&apos;I was shocked to receive a phone call from my daughter in a very distressed state,&apos; Ingrid explains. &apos;Apparently her hips had grown by a couple of centimetres. This happens to 17-year-old girls — it&apos;s called puberty.
&apos;She was prodded and pinched in an effort to point out areas where she should lose weight. There is very little fat anywhere on my daughter&apos;s body. The area that was being pinched was, in fact, hip bone.&apos;
Size 8 Scarlett, who was already underweight for her 5ft 10in frame, quit Elite, her agency at the time, in despair.
He said the casting agents, Maida Gregori Boina and Rami Fernandes, were working for Balenciaga (pictured) and traumatized models, who told him about it afterward
Others report equally appalling behaviour. Mature model Amy Harber, 43, says she has had agents &apos;write on me with permanent marker to indicate where I am &quot;fat&quot; and need to lose weight&apos;, as well as having her portfolio thrown in the bin during a casting.
Speaking on condition of anonymity, other UK models claim they have been: Locked in rooms at auditions and castings, on one occasion for three hours; forced to work until they were so exhausted they fainted; and &apos;fat-shamed&apos; by agents who refused to call them by name.
When one group of models, weak after several hours without food or water, ordered a pizza to the studio where they were auditioning, the casting director called them &apos;pigs&apos; and sent them home.
Tellingly — and tragically — what unites these girls is their fear of speaking out, above all naming those responsible for such heinous behaviour.
&apos;Models are afraid of speaking out because they worry they will lose work,&apos; says Rosalie Nelson. &apos;Speaking out against the industry you work in is dangerous.&apos;
Even when models have been cast for that all-important job, however, there&apos;s no guarantee the abuse will stop.
Charli Howard says agencies and designers often manipulate models with money.
When she lived in Paris at the start of her career, her agency took 70 per cent of her earnings, leaving her almost destitute and dependent on them for work.
&apos;I was charged hundreds of euros to stay in a models&apos; apartment, in a cramped room with a 15-year-old girl, with no indication of how much that would cost,&apos; she explains. &apos;Things would be charged to my account with no receipt or explanation.
&apos;When clients were months late paying me for a job, I was charged for the solicitor&apos;s letter that had to be sent.
&apos;You&apos;d be surprised how many people use underhand tactics when they can.&apos;
Roswell Ivory, 28, a model based in Milton Keynes, had an even worse experience — this one at the hands of a predatory photographer.
She attended a photoshoot at his London studio in 2011, during which the photographer asked her a series of lewd and increasingly personal questions.
&apos;He walked towards me with the camera repeatedly saying, &apos;you are vulnerable, you are very vulnerable&apos;, until he was right up to me,&apos; Roswell recalls.
&apos;I continued with the shoot as he had not touched me. We moved on to lingerie, where he repeatedly pushed [me] before standing above me with his crotch in my face.
&apos;I got to my feet and dressed . . . As I walked out of the shoot, feeling numb and shaken, he forced me into a hug.&apos;
cully (right with model Hanne Gaby Odiele) said he feels the need to stick up for models
When she asked fellow models if they&apos;d come across the photographer, more than 20 contacted her with chilling stories of his indecent behaviour. 
The models reported their experiences to the police and, in 2014, the photographer was jailed for two counts of sexual abuse.
An astonishing 30 per cent of models report being touched inappropriately at work, while 28 per cent say they have been pressured to have sex with someone at work.
In no other industry would behaviour like this — and the behind-the-scenes horror stories — be so commonplace.
So, what do those in charge have to say? Karsten Edwards, managing director of IMM models — the London agency that represents Rosalie Nelson and supports her campaign for better treatment — insists he rarely comes across abuse.
&apos;Unfortunately the nature of this business is that sometimes 500 people turn up where they need one girl, so lots of them are kept waiting. Nobody is forcing them to be there, so they could leave whenever they want.
&apos;We can&apos;t check out every job or casting in advance. If we have negative feedback, we discuss it with the individuals involved or we try to avoid working with them again.&apos;
But, he adds: &apos;Girls do exaggerate. They&apos;ll say they&apos;ve been waiting for three hours when they only turned up an hour ago. 
&apos;You get girls moaning when they&apos;re earning £6,000 for a job and flying around the world. Lots of people would give their left arm for that.&apos;
&apos;Exaggeration&apos; and &apos;moaning&apos; don&apos;t quite seem to cover the cruelty and exploitation models claim they face daily, yet Edwards&apos;s views are shared by many in the industry.
&apos;It&apos;s tough out there,&apos; he says. &apos;But you&apos;ve got to put it in context. A lot of girls are living their dream.&apos;
As for those who still long to break into this world, Rosalie&apos;s advice is blunt. 
&apos;Being a model, you come across more rejection than I could ever have imagined,&apos; she warns.
&apos;To be prepared for castings, you need to have thick skin and a strong heart and mind. 
&apos;You might be asked to change your hair, change the way you speak, asked not to speak, asked to dress differently. You need to be ready to be criticised just for being yourself.&apos;
A cautionary tale indeed for young girls whose dream of being a model is, in reality, something of a nightmare.
</topic_text>
<spam_score>0.00</spam_score>
<post_num>85</post_num>
<post_id>post-85</post_id>
<post_url>http://www.dailymail.co.uk/femail/article-4303058/Models-reveal-ugly-truth-fashion-industry.html?ITO=1490&amp;ns_mchannel=rss&amp;ns_campaign=1490#187397200</post_url>
<post_date>20170311</post_date>
<post_time>0259</post_time>
<username>miinty</username>
<post>
These girls need to hidden camera the sheeet outta these castings are post them online... Talking/complaining won&apos;t do anything, I just feel that everyone will deny and try to protect everyone else... you gotta SHOW the regular people what&apos;s going on - lead the brigade with hidden video.. it&apos;l spread - these casting agents will be the collateral damage because the labels want to keep their good names... but eventually, that&apos;ll start to go too.
</post>
<signature>

</signature>
<external_links>

</external_links>
<country>GB</country>
<main_image>http://i.dailymail.co.uk/i/pix/2017/03/11/01/3E27167400000578-0-image-a-52_1489196891473.jpg</main_image>
<rating></rating>
</document>
