<?xml version="1.0" encoding="UTF-8"?>
<document>
<type>mainstream</type>
<forum>http://youm7.com/rss/SectionRss?SectionID=298</forum>
<forum_title>rss-أخبار الرياضة</forum_title>
<discussion_title>75 دقيقة.. الأهلي يواصل الضغط على بيدفيست.. ودفاع منظم من الضيوف</discussion_title>
<language>arabic</language>
<gmt_offset></gmt_offset>
<topic_url>http://www.youm7.com/story/2017/3/11/75-%D8%AF%D9%82%D9%8A%D9%82%D8%A9-%D8%A7%D9%84%D8%A3%D9%87%D9%84%D9%8A-%D9%8A%D9%88%D8%A7%D8%B5%D9%84-%D8%A7%D9%84%D8%B6%D8%BA%D8%B7-%D8%B9%D9%84%D9%89-%D8%A8%D9%8A%D8%AF%D9%81%D9%8A%D8%B3%D8%AA-%D9%88%D8%AF%D9%81%D8%A7%D8%B9-%D9%85%D9%86%D8%B8%D9%85-%D9%85%D9%86/3139174</topic_url>
<topic_text>
كتب فتحى الشافعى بعد مرور 75 دقيقة من مباراة الأهلى وبيدفيست الجنوب أفريقي المُقامة بينهما حاليًا باستاد السلام فى ذهاب دور الـ32 من بطولة دورى أبطال أفريقيا وما زالت النتيجة تقدم الأهلى بهدف سجله أحمد حجازى فى الدقيقة 57.
الشوط الأول 
بدأ الأهلي اللقاء نشطًا عن طريق اختراقات زكريا وأجاي وعبد الله السعيد ومعهم عمرو جمال، فيما اعتمد الضيوف على الهجمات المُرتدة.
وواصل الأهلى هجومه بحثًا عن هدف التقدم وألغى الحكم المغربى رضوان الجيد هدفًا سجله أجاي في الدقيقة 21 بدعوى تسلل على معلول الذى مرر الكرة عرضية إلى أجاي.
لم يهدأ أداء الأحمر واستغلال الجبهتين من أجل إرسال كرات عرضية لعمرو جمال وأجاي لكن دفاع الضيوف تصدّى لهذه المحاولات.
وأرسل مؤمن زكريا كرة عرضية رائعة في الدقيقة 32 بعد مرواغة جيدة للاعب بيدفيست لكن عبد الله السعيد سددها ضعيفة في &quot;يد&quot; حارس الضيوف.
في دقائق الأهلى الأخيرة ظهرت الخطورة بشكل واضح في أداء الأهلى لكن عدم التركيز حال دون ترجمتها لأهداف، لينتهى هذا الشوط بالتعادل السلبى.
الشوط الثاني 
الأهلى بدأ الشوط الثاني بتغيير حيث شارك أحمد حمودي للمرة الأولى أفريقياً بدلاً من مؤمن زكريا وبدأ بطل مصر هذا الشوط مُهاجمًا، وكاد عمرو جمال يُسجل هدفاً مُبكرًا من تسديدة قوية لكنها اصطدمت بالقائم.
حاول على معلول استخدام مهارة التسديد ولعب كرة قوية في الدقيقة 55 لكنها جاءت فوق العارضة، وواصل الأهلي ضغطه إلى أن نجح أحمد حجازي في تسجيل هدف التقدم للأحمر في الدقيقة 57 بعدما لعب أحمد حمودى ضربة ركينة لعبها حسام غالي ووصلت إلى حجازى الذى سددها برأسه قوية في الشباك الجنوب أفريقية.
ورد الضيوف بكرة قوية وتسديدة صاروخية كادت تسكن شباك شريف إكرامي لكمنها مرت بجوار القائم بسنتيمترات،وكاد أجاي يسجل هدفاً ثانياً من كرة صاروخية لكنها مرت ايضاً بجوار القائم.
وخرج أجاي للإصابة وشارك وليد سليمان بدلاً منه في الدقيقة 63 قبل أن يخرج حسام غالي للأصابة هو الأخر وشارك حسام عاشور بدلاً منه وأفتقد الأحمر اللمسة الأخيرة وهو ما جعل الفريق يُهدر أكثر من فرصة لتسجيل هدف ثان خاصة في ظل القوة الدفاعية للضيوف.
 


موضوعات متعلقة.. محمود طاهر يصل ملعب السلام لتدعيم الأهلى أمام بيدفيست مدرب بيدفيست: نخطط لهدف مبكر فى شباك الأهلى 3 دوافع تجبر الأهلى على قهر بيدفيست الليلة
</topic_text>
<spam_score>0.00</spam_score>
<post_num>1</post_num>
<post_id>post-1</post_id>
<post_url>http://www.youm7.com/story/2017/3/11/75-%D8%AF%D9%82%D9%8A%D9%82%D8%A9-%D8%A7%D9%84%D8%A3%D9%87%D9%84%D9%8A-%D9%8A%D9%88%D8%A7%D8%B5%D9%84-%D8%A7%D9%84%D8%B6%D8%BA%D8%B7-%D8%B9%D9%84%D9%89-%D8%A8%D9%8A%D8%AF%D9%81%D9%8A%D8%B3%D8%AA-%D9%88%D8%AF%D9%81%D8%A7%D8%B9-%D9%85%D9%86%D8%B8%D9%85-%D9%85%D9%86/3139174</post_url>
<post_date>20170311</post_date>
<post_time>0841</post_time>
<username>youm7.com</username>
<post>
كتب فتحى الشافعى بعد مرور 75 دقيقة من مباراة الأهلى وبيدفيست الجنوب أفريقي المُقامة بينهما حاليًا باستاد السلام فى ذهاب دور الـ32 من بطولة دورى أبطال أفريقيا وما زالت النتيجة تقدم الأهلى بهدف سجله أحمد حجازى فى الدقيقة 57.
الشوط الأول 
بدأ الأهلي اللقاء نشطًا عن طريق اختراقات زكريا وأجاي وعبد الله السعيد ومعهم عمرو جمال، فيما اعتمد الضيوف على الهجمات المُرتدة.
وواصل الأهلى هجومه بحثًا عن هدف التقدم وألغى الحكم المغربى رضوان الجيد هدفًا سجله أجاي في الدقيقة 21 بدعوى تسلل على معلول الذى مرر الكرة عرضية إلى أجاي.
لم يهدأ أداء الأحمر واستغلال الجبهتين من أجل إرسال كرات عرضية لعمرو جمال وأجاي لكن دفاع الضيوف تصدّى لهذه المحاولات.
وأرسل مؤمن زكريا كرة عرضية رائعة في الدقيقة 32 بعد مرواغة جيدة للاعب بيدفيست لكن عبد الله السعيد سددها ضعيفة في &quot;يد&quot; حارس الضيوف.
في دقائق الأهلى الأخيرة ظهرت الخطورة بشكل واضح في أداء الأهلى لكن عدم التركيز حال دون ترجمتها لأهداف، لينتهى هذا الشوط بالتعادل السلبى.
الشوط الثاني 
الأهلى بدأ الشوط الثاني بتغيير حيث شارك أحمد حمودي للمرة الأولى أفريقياً بدلاً من مؤمن زكريا وبدأ بطل مصر هذا الشوط مُهاجمًا، وكاد عمرو جمال يُسجل هدفاً مُبكرًا من تسديدة قوية لكنها اصطدمت بالقائم.
حاول على معلول استخدام مهارة التسديد ولعب كرة قوية في الدقيقة 55 لكنها جاءت فوق العارضة، وواصل الأهلي ضغطه إلى أن نجح أحمد حجازي في تسجيل هدف التقدم للأحمر في الدقيقة 57 بعدما لعب أحمد حمودى ضربة ركينة لعبها حسام غالي ووصلت إلى حجازى الذى سددها برأسه قوية في الشباك الجنوب أفريقية.
ورد الضيوف بكرة قوية وتسديدة صاروخية كادت تسكن شباك شريف إكرامي لكمنها مرت بجوار القائم بسنتيمترات،وكاد أجاي يسجل هدفاً ثانياً من كرة صاروخية لكنها مرت ايضاً بجوار القائم.
وخرج أجاي للإصابة وشارك وليد سليمان بدلاً منه في الدقيقة 63 قبل أن يخرج حسام غالي للأصابة هو الأخر وشارك حسام عاشور بدلاً منه وأفتقد الأحمر اللمسة الأخيرة وهو ما جعل الفريق يُهدر أكثر من فرصة لتسجيل هدف ثان خاصة في ظل القوة الدفاعية للضيوف.
 


موضوعات متعلقة.. محمود طاهر يصل ملعب السلام لتدعيم الأهلى أمام بيدفيست مدرب بيدفيست: نخطط لهدف مبكر فى شباك الأهلى 3 دوافع تجبر الأهلى على قهر بيدفيست الليلة
</post>
<signature>

</signature>
<external_links>

</external_links>
<country>US</country>
<main_image>http://img.youm7.com/large/201702230919411941.jpg</main_image>
<rating></rating>
</document>
