<?xml version="1.0" encoding="UTF-8"?>
<document>
<type>mainstream</type>
<forum>http://youm7.com/rss/SectionRss?SectionID=298</forum>
<forum_title>rss-أخبار الرياضة</forum_title>
<discussion_title>بالفيديو.. حارس بيدفيست بـ&quot;روحين&quot; أمام الأهلى فى لعبة واحدة</discussion_title>
<language>arabic</language>
<gmt_offset></gmt_offset>
<topic_url>http://www.youm7.com/story/2017/3/11/%D8%A8%D8%A7%D9%84%D9%81%D9%8A%D8%AF%D9%8A%D9%88-%D8%AD%D8%A7%D8%B1%D8%B3-%D8%A8%D9%8A%D8%AF%D9%81%D9%8A%D8%B3%D8%AA-%D8%A8%D9%80-%D8%B1%D9%88%D8%AD%D9%8A%D9%86-%D8%A3%D9%85%D8%A7%D9%85-%D8%A7%D9%84%D8%A3%D9%87%D9%84%D9%89-%D9%81%D9%89-%D9%84%D8%B9%D8%A8%D8%A9-%D9%88%D8%A7%D8%AD%D8%AF%D8%A9/3139306</topic_url>
<topic_text>
كتب أحمد طارق 

 
نجح حارس فريق بيدفيست الجنوب أفريقى، فى التصدى لتسديدتين للأهلى، من لعبة واحدة، الأول سددها وليد سليمان فتصدى لها، وارتدت لأحمد حمودى الذى سددها مرة أخرى لكن الحارس تصدى لها ببراعة أيضًا، قبل أن ترتد لعمرو جمال الذى أسكنها الشباك إلا أنه كان واقعًا فى مصيدة التسلل، وذلك فى الدقيقة 67 من عمر المباراة المُقامة بينهما حاليًا باستاد السلام فى ذهاب دور الـ32 من بطولة دورى أبطال أفريقيا.
 
وأصبحت النتيجة تقدم الأهلى بهدف سجله أحمد حجازى فى الدقيقة 57. 
 
وكان البدرى أجرى تبديله الأول بنزول أحمد حمودى بدلاً من مؤمن زكريا، ونزول وليد سليمان بدلاً من جونيور أجاى الذى تعرض لإصابة بشد فى العضلة الخلفية، وفى الأخير خروج غالى ونزول عاشور وكان الأهلى تقدم بهدف فى الدقيقة 57 عن طريق أحمد حجازى.
  

موضوعات متعلقة.. بالفيديو.. حمودى يهدى حجازى هدف تقدم الأهلى على بيدفيست فى الدقيقة 57 البدرى يجرى أول تعديلاته الفنية أمام بيدفيست بنزول &quot;حمودى&quot; بدلاً من مؤمن بالفيديو.. إصابة أجاى بعد إهدار فرصة تعزيز تقدم الأهلى على بيدفيست تبديل اضطرارى للأهلى أمام بيدفيست.. خروج غالى ونزول عاشور
</topic_text>
<spam_score>0.00</spam_score>
<post_num>1</post_num>
<post_id>post-1</post_id>
<post_url>http://www.youm7.com/story/2017/3/11/%D8%A8%D8%A7%D9%84%D9%81%D9%8A%D8%AF%D9%8A%D9%88-%D8%AD%D8%A7%D8%B1%D8%B3-%D8%A8%D9%8A%D8%AF%D9%81%D9%8A%D8%B3%D8%AA-%D8%A8%D9%80-%D8%B1%D9%88%D8%AD%D9%8A%D9%86-%D8%A3%D9%85%D8%A7%D9%85-%D8%A7%D9%84%D8%A3%D9%87%D9%84%D9%89-%D9%81%D9%89-%D9%84%D8%B9%D8%A8%D8%A9-%D9%88%D8%A7%D8%AD%D8%AF%D8%A9/3139306</post_url>
<post_date>20170311</post_date>
<post_time>0841</post_time>
<username>youm7.com</username>
<post>
كتب أحمد طارق 

 
نجح حارس فريق بيدفيست الجنوب أفريقى، فى التصدى لتسديدتين للأهلى، من لعبة واحدة، الأول سددها وليد سليمان فتصدى لها، وارتدت لأحمد حمودى الذى سددها مرة أخرى لكن الحارس تصدى لها ببراعة أيضًا، قبل أن ترتد لعمرو جمال الذى أسكنها الشباك إلا أنه كان واقعًا فى مصيدة التسلل، وذلك فى الدقيقة 67 من عمر المباراة المُقامة بينهما حاليًا باستاد السلام فى ذهاب دور الـ32 من بطولة دورى أبطال أفريقيا.
 
وأصبحت النتيجة تقدم الأهلى بهدف سجله أحمد حجازى فى الدقيقة 57. 
 
وكان البدرى أجرى تبديله الأول بنزول أحمد حمودى بدلاً من مؤمن زكريا، ونزول وليد سليمان بدلاً من جونيور أجاى الذى تعرض لإصابة بشد فى العضلة الخلفية، وفى الأخير خروج غالى ونزول عاشور وكان الأهلى تقدم بهدف فى الدقيقة 57 عن طريق أحمد حجازى.
  

موضوعات متعلقة.. بالفيديو.. حمودى يهدى حجازى هدف تقدم الأهلى على بيدفيست فى الدقيقة 57 البدرى يجرى أول تعديلاته الفنية أمام بيدفيست بنزول &quot;حمودى&quot; بدلاً من مؤمن بالفيديو.. إصابة أجاى بعد إهدار فرصة تعزيز تقدم الأهلى على بيدفيست تبديل اضطرارى للأهلى أمام بيدفيست.. خروج غالى ونزول عاشور
</post>
<signature>

</signature>
<external_links>

</external_links>
<country>US</country>
<main_image>http://img.youm7.com/large/201612110722222222.jpg</main_image>
<rating></rating>
</document>
