<?xml version="1.0" encoding="UTF-8"?>
<document>
<type>mainstream</type>
<forum></forum>
<forum_title></forum_title>
<discussion_title>PHOTOS: Sanjay Dutt biopic: Ranbir Kapoor’s beefed up look to play Sanjay Dutt cannot be missed | The Indian Express</discussion_title>
<language>english</language>
<gmt_offset></gmt_offset>
<topic_url>http://indianexpress.com/photos/entertainment-gallery/sanjay-dutt-biopic-ranbir-kapoor-beefed-up-look-to-play-sanjay-dutt-cannot-be-missed-4565618/</topic_url>
<topic_text>
Sanjay Dutt biopic: Ranbir Kapoor’s beefed up look to play Sanjay Dutt cannot be missed Sanjay Dutt biopic: Ranbir Kapoor’s beefed up look to play Sanjay Dutt cannot be missed Published on March 11, 2017 8:17 pm 
Ranbir Kapoor, who is stepping into the shoes of Sanjay Dutt in the upcoming biopic by Rajkumar Hirani, says the film will be not gloss over the controversies associated with the actor. Bollywood biopics generally steer away from the negative aspects of the subject but Ranbir says their movie will not be a propaganda. &quot;The audience will get to know the real Sanjay Dutt. There is a certain image about him because of the controversies and his imprisonment. Whatever we have shown in the film is an honest portrayal. There is no exaggeration nor is it a propaganda film. It is not like just because we are making a film, we have to show him in a very positive light,&quot; Ranbir Kapoor said. (Source: Photo by Varinder Chawla ) 
The 34-year-old actor says initially he was apprehensive to take on the role as the story is very honest. &quot;When Sanjay Dutt heard the story, he never asked for a change, which I think is very brave of him.&quot;I don&apos;t know how someone can live a life which has so many ups and downs. It will take me 100 lives to replicate it... He is very child-like, has a positive outlook in life at the face of hardships and tough times. He also has a very strong will.&quot; (Source: Photo by Varinder Chawla ) 
Ranbir Kapoor will soon be seen in Jagga Jasoos opposite his former girlfriend Katrina Kaif. (Source: Photo by Varinder Chawla ) 
Rajkumar Hirani and Sanjay Dutt have worked in several films like Munna Bhai and PK. (Source: Photo by Varinder Chawla ) 
When Sanjay Dutt was released from jail, Rajkummar Hirani had shot a video of him coming out from the prison to use it in the movie. (Source: Photo by Varinder Chawla ) 
Rajkumar Hirani is known for making successful commercial Bollywood films with content. (Source: Photo by Varinder Chawla ) 
</topic_text>
<spam_score>0.25</spam_score>
<post_num>1</post_num>
<post_id>post-1</post_id>
<post_url>http://indianexpress.com/photos/entertainment-gallery/sanjay-dutt-biopic-ranbir-kapoor-beefed-up-look-to-play-sanjay-dutt-cannot-be-missed-4565618/</post_url>
<post_date>20170311</post_date>
<post_time></post_time>
<username></username>
<post>
Sanjay Dutt biopic: Ranbir Kapoor’s beefed up look to play Sanjay Dutt cannot be missed Sanjay Dutt biopic: Ranbir Kapoor’s beefed up look to play Sanjay Dutt cannot be missed Published on March 11, 2017 8:17 pm 
Ranbir Kapoor, who is stepping into the shoes of Sanjay Dutt in the upcoming biopic by Rajkumar Hirani, says the film will be not gloss over the controversies associated with the actor. Bollywood biopics generally steer away from the negative aspects of the subject but Ranbir says their movie will not be a propaganda. &quot;The audience will get to know the real Sanjay Dutt. There is a certain image about him because of the controversies and his imprisonment. Whatever we have shown in the film is an honest portrayal. There is no exaggeration nor is it a propaganda film. It is not like just because we are making a film, we have to show him in a very positive light,&quot; Ranbir Kapoor said. (Source: Photo by Varinder Chawla ) 
The 34-year-old actor says initially he was apprehensive to take on the role as the story is very honest. &quot;When Sanjay Dutt heard the story, he never asked for a change, which I think is very brave of him.&quot;I don&apos;t know how someone can live a life which has so many ups and downs. It will take me 100 lives to replicate it... He is very child-like, has a positive outlook in life at the face of hardships and tough times. He also has a very strong will.&quot; (Source: Photo by Varinder Chawla ) 
Ranbir Kapoor will soon be seen in Jagga Jasoos opposite his former girlfriend Katrina Kaif. (Source: Photo by Varinder Chawla ) 
Rajkumar Hirani and Sanjay Dutt have worked in several films like Munna Bhai and PK. (Source: Photo by Varinder Chawla ) 
When Sanjay Dutt was released from jail, Rajkummar Hirani had shot a video of him coming out from the prison to use it in the movie. (Source: Photo by Varinder Chawla ) 
Rajkumar Hirani is known for making successful commercial Bollywood films with content. (Source: Photo by Varinder Chawla ) 
</post>
<signature>

</signature>
<external_links>

</external_links>
<country>US</country>
<main_image>http://images.indianexpress.com/2017/03/ranbir-kapoor-660.jpg?w=660</main_image>
<rating></rating>
</document>
